<beans xmlns="http://www.springframework.org/schema/beans"
	xmlns:context="http://www.springframework.org/schema/context"
	xmlns:mvc="http://www.springframework.org/schema/mvc" xmlns:xsi="http://www.w3.org/2001/XMLSchema-instance"
	xsi:schemaLocation="
        http://www.springframework.org/schema/beans     
        http://www.springframework.org/schema/beans/spring-beans-3.0.xsd
        http://www.springframework.org/schema/context 
        http://www.springframework.org/schema/context/spring-context-3.0.xsd
        http://www.springframework.org/schema/mvc
        http://www.springframework.org/schema/mvc/spring-mvc-3.0.xsd">

<context:component-scan base-package="com.psl.*"></context:component-scan>
<mvc:annotation-driven/>
<mvc:resources mapping="/resources/**" location="/resources/"/>
	<bean
		class="org.springframework.web.servlet.view.InternalResourceViewResolver">
		<property name="prefix" value="/WEB-INF/pages/">
			
		</property>
		<property name="suffix" value=".jsp">
			
		</property>
	</bean>
	
	
	
	<bean class="com.psl.Entity.Product" id="product">
		
	</bean>
	

	<bean class="org.springframework.jdbc.core.JdbcTemplate" id="template">
		<property name="dataSource" ref="ds1"/>
	</bean>
	
	<bean class="com.psl.DAO.ProductDAOImpl" id="ProductDAOImpl1">
		<property name="jt" ref="template"/>		
	</bean>
	
	<bean class="com.psl.Service.ProductService" id="service1">
		<property name="dao" ref="ProductDAOImpl1"/>
	</bean>
	
	<bean class="org.springframework.jdbc.datasource.DriverManagerDataSource" id="ds1">
		<property name="driverClassName" value="com.mysql.jdbc.Driver"/>
		<property name="url" value="jdbc:mysql://localhost:3307/departmentalstore"/>
		<property name="username" value="root"/>
		<property name="password" value="root"/>
	</bean>
	
	
	<bean class="org.springframework.jdbc.datasource.DataSourceTransactionManager" id="tm">
		<property name="dataSource" ref="ds1"></property>
	</bean>


</beans>



